date,day,shed_count,adherence,routine_steps_done,hair_length_inches,scalp_image,image_density_score,breakage_observed,wash_day,hair_products,No,sleep_hours,stress_10,notes
11/16/2025,1,47,TRUE,"Shampoo, Conditioner, Hair Oil, Scalp Tonic (Anti-Hair Fall)",,,,,Yes,"Luxe Organic Clarifying Shampoo, Luxe Organic Curl Conditioner, Bremod Hair Oil, Naturals Anti-Hair Fall Hair and Scalp Tonic",No,12,6,
11/17/2025,2,15,TRUE,"Hair Mask, Leave in Conditioner, Hair Oil",,,,,No,"Cream Silk Hair Mask, Zenutrients Leave in Conditioner, Bremod Hair Oil",No,10,4,
11/18/2025,3,7,TRUE,Scalp Tonic (Volumising),,,,,No,Naturals Volumising Hair and Scalp Tonic,No,8,2,
11/19/2025,4,38,TRUE,"Shampoo, Conditioner, Hair Oil, Scalp Tonic (Anti-Hair Fall)",,,,,Yes,"Luxe Organic Clarifying Shampoo, Luxe Organic Curl Conditioner, Bremod Hair Oil, Naturals Anti-Hair Fall Hair and Scalp Tonic",No,11,5,
11/20/2025,5,11,TRUE,"Hair Mask, Leave in Conditioner, Hair Oil",,,,,No,"Cream Silk Hair Mask, Zenutrients Leave in Conditioner, Bremod Hair Oil",No,9,3,
11/21/2025,6,4,TRUE,Scalp Tonic (Volumising),,,,,No,Naturals Volumising Hair and Scalp Tonic,No,6,3,
11/22/2025,7,55,TRUE,"Shampoo, Conditioner, Hair Oil, Scalp Tonic (Anti-Hair Fall)",27.6,NA,NA,Yes,Yes,"Luxe Organic Clarifying Shampoo, Luxe Organic Curl Conditioner, Bremod Hair Oil, Naturals Anti-Hair Fall Hair and Scalp Tonic",No,13,7,177 total shed count
11/23/2025,8,17,TRUE,"Hair Mask, Leave in Conditioner, Hair Oil",,,,,Yes,"Cream Silk Hair Mask, Zenutrients Leave in Conditioner, Bremod Hair Oil",No,12,6,
11/24/2025,9,8,TRUE,Scalp Tonic (Volumising),,,,,No,Naturals Volumising Hair and Scalp Tonic,No,9,5,
11/25/2025,10,44,TRUE,"Shampoo, Conditioner, Hair Oil, Scalp Tonic (Anti-Hair Fall)",,,,,No,"Luxe Organic Clarifying Shampoo, Luxe Organic Curl Conditioner, Bremod Hair Oil, Naturals Anti-Hair Fall Hair and Scalp Tonic",No,8,6,
11/26/2025,11,12,TRUE,"Hair Mask, Leave in Conditioner, Hair Oil",,,,,Yes,"Cream Silk Hair Mask, Zenutrients Leave in Conditioner, Bremod Hair Oil",No,10,5,
11/27/2025,12,10,TRUE,Scalp Tonic (Volumising),,,,,No,Naturals Volumising Hair and Scalp Tonic,No,9,4,
11/28/2025,13,27,TRUE,"Shampoo, Conditioner, Hair Oil, Scalp Tonic (Anti-Hair Fall)",,,,,No,"Luxe Organic Clarifying Shampoo, Luxe Organic Curl Conditioner, Bremod Hair Oil, Naturals Anti-Hair Fall Hair and Scalp Tonic",No,8,5,
11/29/2025,14,16,TRUE,"Hair Mask, Leave in Conditioner, Hair Oil",27.8,NA,NA,Yes,Yes,"Cream Silk Hair Mask, Zenutrients Leave in Conditioner, Bremod Hair Oil",No,11,5,134 total shed count
,,,,,,,,,,,,,,
12/1/2025,16,5,TRUE,Scalp Tonic (Volumising),,,,,No,Naturals Volumising Hair and Scalp Tonic,No,8,1,
12/2/2025,17,8,FALSE,,,,,,No,,No,9,1,
12/3/2025,18,4,FALSE,,,,,,No,,No,4,5,
12/4/2025,19,8,FALSE,,,,,,No,,No,8,8,
12/5/2025,20,52,TRUE,"Shampoo, Hair Mask, Hair Oil, Scalp Tonic (Anti-Hair Fall)",,,,,Yes,"Luxe Organic Clarifying Shampoo, Cream Silk Hair Mask, Bremod Hair Oil, Naturals Anti-Hair Fall Hair and Scalp Tonic",No,10,5,
12/6/2025,21,11,TRUE,Scalp Tonic (Volumising),,,,,No,Naturals Volumising Hair and Scalp Tonic,No,7,4,
12/7/2025,22,42,FALSE,"Shampoo, Conditioner, Scalp Tonic (Anti-Hair Fall)",28,,"WEEK 1, 20 (0-20 Very sparse scalp visible)",Yes,Yes,"Luxe Organic Clarifying Shampoo, Luxe Organic Curl Conditioner, Naturals Anti-Hair Fall Hair and Scalp Tonic",No,8,6,130 total shed count
12/8/2025,23,15,FALSE,"Leave in Conditioner, Scalp Tonic (Volumising)",,,,,No,"Zenutrients Leave in Conditioner, Naturals Volumising Hair and Scalp Tonic",No,9,8,
12/9/2025,24,3,FALSE,Leave in Conditioner,,,,,No,Zenutrients Leave in Conditioner,No,6,5,
12/10/2025,25,37,TRUE,"Shampoo, Conditioner, Hair Oil, Scalp Tonic (Anti-Hair Fall)",,,,,Yes,"Luxe Organic Clarifying Shampoo, Luxe Organic Curl Conditioner, Bremod Hair Oil, Naturals Anti-Hair Fall Hair and Scalp Tonic",No,8,7,
12/11/2025,26,6,TRUE,"Hair Mask, Scalp Tonic (Volumising), Hair Oil",,,,,No,"Cream Silk Hair Mask, Naturals Volumising Hair and Scalp Tonic, Bremod Hair Oil",No,6,6,
12/12/2025,27,4,FALSE,,,,,,No,,No,9,7,
12/13/2025,28,32,TRUE,"Shampoo, Conditioner, Scalp Tonic (Anti-Hair Fall)",,,,,Yes,"Luxe Organic Clarifying Shampoo, Luxe Organic Curl Conditioner, Naturals Anti-Hair Fall Hair and Scalp Tonic",No,11,4,
12/14/2025,29,9,TRUE,Scalp Tonic (Volumising),28.2,,"WEEK 2, 36 (21-40 Sparse)",No,No,Naturals Volumising Hair and Scalp Tonic,No,8,2,106 total shed count
12/15/2025,30,27,TRUE,"Shampoo, Conditioner, Scalp Tonic (Anti-Hair Fall), Hair Oil",,,,,Yes,"Luxe Organic Clarifying Shampoo, Luxe Organic Curl Conditioner, Naturals Anti-Hair Fall Hair and Scalp Tonic, Bremod Hair Oil",No,0,9,
12/16/2025,31,13,TRUE,Scalp Tonic (Volumising),,,,,No,Naturals Volumising Hair and Scalp Tonic,No,13,7,
12/17/2025,32,7,FALSE,,,,,,No,,No,7,3,
12/18/2025,33,25,TRUE,"Shampoo, Conditioner, Hair Oil, Scalp Tonic (Anti-Hair Fall)",,,,,Yes,"Luxe Organic Clarifying Shampoo, Luxe Organic Curl Conditioner, Bremod Hair Oil, Naturals Anti-Hair Fall Hair and Scalp Tonic",No,6,4,
12/19/2025,34,8,FALSE,,,,,,No,,No,8,1,
12/20/2025,35,2,FALSE,,,,,,No,,No,9,1,
12/21/2025,36,39,TRUE,"Shampoo, Conditioner, Hair Oil, Scalp Tonic (Anti-Hair Fall)",28.3,,"WEEK 3, 28 (21-40 Sparse)",Yes,Yes,"Luxe Organic Clarifying Shampoo, Luxe Organic Curl Conditioner, Bremod Hair Oil, Naturals Anti-Hair Fall Hair and Scalp Tonic",No,11,2,121 total shed count
12/22/2025,22,6,FALSE,,,,,,No,,No,8,2,
12/23/2025,23,37,TRUE,"Shampoo, Conditioner, Hair Oil, Scalp Tonic (Volumising)",,,,,Yes,"Luxe Organic Curl Conditioner, Bremod Hair Oil, Naturals Volumising Hair and Scalp Tonic, Empress Shampoo",No,3,2,
12/24/2025,24,16,TRUE,"Shampoo, Hair Mask, Hair Oil, Scalp Tonic (Volumising)",,,,,Yes,"Cream Silk Hair Mask, Bremod Hair Oil, Naturals Volumising Hair and Scalp Tonic, Empress Shampoo",No,10,4,
12/25/2025,25,3,FALSE,,,,,,No,,No,9,4,
12/26/2025,26,29,TRUE,"Shampoo, Conditioner, Hair Oil, Scalp Tonic (Volumising)",,,,,Yes,"Luxe Organic Clarifying Shampoo, Luxe Organic Curl Conditioner, Bremod Hair Oil, Naturals Volumising Hair and Scalp Tonic",No,7,8,
12/27/2025,27,5,TRUE,"Leave in Conditioner, Hair Oil",,,,,No,"Zenutrients Leave in Conditioner, Bremod Hair Oil",No,7,2,
12/28/2025,28,29,TRUE,"Shampoo, Conditioner, Scalp Tonic (Volumising), Hair Oil",28.5,,"WEEK 4, 32 (21-40 Sparse)",Yes,Yes,"Luxe Organic Clarifying Shampoo, Luxe Organic Curl Conditioner, Bremod Hair Oil, Naturals Volumising Hair and Scalp Tonic",No,6,2,125 total shed count
12/29/2025,29,5,FALSE,Hair Oil,,,,,No,Bremod Hair Oil,No,7,3,
12/30/2025,30,12,FALSE,"Shampoo, Conditioner",,,,,Yes,"Palmolive Shampoo, Dove Conditioner",No,8,3,
12/31/2025,31,7,FALSE,,,,,,No,,No,6,1,
1/1/2026,32,32,FALSE,"Shampoo, Conditioner, Hair Oil",,,,,Yes,"Empress Shampoo, Cream Silk Hair Mask, Bremod Hair Oil",No,8,2,
1/2/2026,33,5,FALSE,,,,,,No,,No,6,4,
1/3/2026,34,19,FALSE,"Shampoo, Conditioner, Hair Oil",,,,,Yes,"Luxe Organic Clarifying Shampoo, Luxe Organic Curl Conditioner, Bremod Hair Oil",No,14,3,
1/4/2026,35,3,FALSE,"Shampoo, Hair Mask, Hair Oil",28.8,,"WEEK 5, 30 (21-40 Sparse)",No,Yes,"Empress Shampoo, Cream Silk Hair Mask, Bremod Hair Oil",No,11,5,83 total shed count
1/5/2026,36,45,FALSE,"Shampoo, Hair Oil, Conditioner",,,,,Yes,"Luxe Organic Clarifying Shampoo, Luxe Organic Curl Conditioner, Bremod Hair Oil",No,6,4,
1/6/2026,37,11,FALSE,"Shampoo, Hair Oil, Hair Mask",,,,,Yes,"Empress Shampoo, Cream Silk Hair Mask, Bremod Hair Oil",No,8,3,
1/7/2026,38,11,FALSE,"Shampoo, Hair Mask, Hair Oil",,,,,Yes,"Empress Shampoo, Cream Silk Hair Mask, Bremod Hair Oil",No,8,1,
1/8/2026,39,13,FALSE,"Shampoo, Hair Mask, Hair Oil",,,,,Yes,"Empress Shampoo, Cream Silk Hair Mask, Bremod Hair Oil",No,4,5,
1/9/2026,40,17,FALSE,"Shampoo, Hair Mask, Hair Oil",,,,,Yes,"Empress Shampoo, Cream Silk Hair Mask, Bremod Hair Oil",No,3,2,
1/10/2026,41,5,FALSE,,,,,,No,,No,12,2,
1/11/2026,42,2,FALSE,,28.9,,"WEEK 6, 25 (21-40 Sparse)",No,No,,No,9,3,104 total shed count
1/12/2026,43,16,FALSE,"Shampoo, Hair Mask, Hair Oil",,,,,Yes,"Empress Shampoo, Cream Silk Hair Mask, Bremod Hair Oil",No,3,4,
1/13/2026,43,9,FALSE,"Hair Mask, Hair Oil",,,,,No,"Cream Silk Hair Mask, Bremod Hair Oil",No,6,6,
1/14/2026,44,57,FALSE,"Shampoo, Hair Mask, Hair Oil, Scalp Tonic (Volumising)",,,,,Yes,"Luxe Organic Clarifying Shampoo, Cream Silk Hair Mask, Bremod Hair Oil, Naturals Volumising Hair and Scalp Tonic",No,8,8,
1/15/2026,45,11,FALSE,"Shampoo, Hair Mask, Hair Oil",,,,,Yes,"Empress Shampoo, Cream Silk Hair Mask, Bremod Hair Oil",No,8,7,
1/16/2026,46,9,FALSE,"Shampoo, Hair Mask, Hair Oil",,,,,Yes,"Empress Shampoo, Cream Silk Hair Mask, Bremod Hair Oil",No,5,6,
1/17/2026,47,16,FALSE,"Shampoo, Hair Mask",,,,,Yes,"Empress Shampoo, Cream Silk Hair Mask",No,10,8,
1/18/2026,48,47,FALSE,"Shampoo, Conditioner",29,,"WEEK 7, 33 (21-40 Sparse)",Yes,Yes,"Luxe Organic Clarifying Shampoo, Luxe Organic Curl Conditioner",No,8,5,165 total shed count
1/19/2026,49,7,FALSE,"Shampoo, Conditioner",,,,,Yes,"Head and Shoulders Shampoo, Keratin Conditioners",No,7,1,
1/20/2026,50,4,FALSE,"Shampoo, Hair Mask, Hair Oil",,,,,Yes,"Empress Shampoo, Cream Silk Hair Mask, Bremod Hair Oil",No,5,3,
1/21/2026,51,21,FALSE,"Shampoo, Hair Mask, Hair Oil",,,,,Yes,"Empress Shampoo, Cream Silk Hair Mask, Bremod Hair Oil",No,5,5,
1/22/2026,52,11,FALSE,"Shampoo, Hair Mask, Hair Oil",,,,,Yes,"Empress Shampoo, Cream Silk Hair Mask, Bremod Hair Oil",No,6,3,
1/23/2026,53,7,FALSE,"Shampoo, Hair Mask, Hair Oil",,,,,Yes,"Empress Shampoo, Cream Silk Hair Mask, Bremod Hair Oil",No,7,8,
1/24/2026,54,12,FALSE,"Shampoo, Hair Mask, Hair Oil",,,,,Yes,"Empress Shampoo, Cream Silk Hair Mask, Bremod Hair Oil",No,11,7,
1/25/2026,55,20,FALSE,"Shampoo, Hair Oil, Conditioner",29.2,,"WEEK 8, 36 (21-40 Sparse)",No,Yes,"Luxe Organic Clarifying Shampoo, Luxe Organic Curl and Define, Bremod Hair Oil",No,8,3,82 total shed count
1/26/2026,56,7,FALSE,"Shampoo, Hair Mask",,,,,Yes,"Head and Shoulders Shampoo, Hair mask",No,5,4,
1/27/2026,57,18,FALSE,"Shampoo, Hair Mask, Hair Oil",,,,,Yes,"Empress Shampoo, Cream Silk Hair Mask, Bremod Hair Oil",No,7,4,
1/28/2026,58,9,FALSE,"Shampoo, Hair Mask, Hair Oil",,,,,Yes,"Empress Shampoo, Cream Silk Hair Mask, Bremod Hair Oil",No,7,5,
1/29/2026,59,21,FALSE,"Shampoo, Hair Mask, Hair Oil",,,,,Yes,"Empress Shampoo, Cream Silk Hair Mask, Bremod Hair Oil",No,5,4,
1/30/2026,60,15,FALSE,"Shampoo, Hair Mask, Hair Oil",,,,,Yes,"Empress Shampoo, Cream Silk Hair Mask, Bremod Hair Oil",No,4,5,
1/31/2026,61,2,FALSE,,,,,,No,,No,12,6,
2/1/2026,62,13,FALSE,"Shampoo, Hair Mask, Hair Oil",29.5,,"WEEK 9, 38 (21-40 Sparse)",No,Yes,"Empress Shampoo, Cream Silk Hair Mask, Bremod Hair Oil",No,9,9,85 total shed count
2/2/2026,63,20,FALSE,"Shampoo, Hair Mask, Hair Oil",,,,,Yes,"Empress Shampoo, Cream Silk Hair Mask, Bremod Hair Oil",No,4,8,
2/3/2026,64,7,FALSE,"Conditioner, Hair Oil",,,,,Yes,"Luxe Organic Curl Conditioner, Bremod Hair Oil",No,6,7,
2/4/2026,65,3,FALSE,Hair Mask,,,,,Yes,Cream Silk Hair Mask,No,4,5,
2/5/2026,66,15,FALSE,"Hair Oil, Conditioner, Shampoo",,,,,Yes,"Bremod Hair Oil, Luxe Organic Curl Conditioner, Luxe Organic Clarifying Shampoo",No,4,7,
2/6/2026,67,27,FALSE,"Shampoo, Hair Mask, Hair Oil",,,,,Yes,"Empress Shampoo, Cream Silk Hair Mask, Bremod Hair Oil",No,14,2,
2/7/2026,68,3,FALSE,,,,,,No,,No,4,4,
2/8/2026,69,7,FALSE,,29.8,,"WEEK 10, 40 (21-40 Sparse)",No,No,,No,,6,83 total shed count